prev_pitch_type,pitch_type,n_pairs,runs_per_100
CH,CH,76553,0.020674763320977986
CH,CS,61,-0.20754373704370607
CH,CU,17272,-0.015364289927639158
CH,EP,6,-0.34162629599450156
CH,FA,50,-0.23026745353126898
CH,FC,22096,-0.03259403006370337
CH,FF,101310,0.01301432563956528
CH,FS,285,-0.012390641034435728
CH,KC,3480,0.02282822867262538
CH,KN,1,-0.7896155933849514
CH,PO,26,-0.34465140229958
CH,SC,18,-0.11883562425888765
CH,SI,42439,-0.1148768040650831
CH,SL,30178,0.07406716919433795
CH,ST,14519,0.01422470426223964
CH,SV,1040,0.07988192862251473
CS,CH,94,-0.12461164381497934
CS,CS,138,-0.12500097626216763
CS,CU,65,1.3981446290227512e-4
CS,EP,22,-0.12105684400012251
CS,FA,44,-0.24203710266357867
CS,FC,38,-0.17433209283186252
CS,FF,166,-0.014472345080858177
CS,FS,2,-0.5119464622111991
CS,KC,1,-0.2088594250380993
CS,KN,1,-0.2415599679807201
CS,SI,58,-0.24130090697828313
CS,SL,47,0.03493325227108026
CS,ST,17,-0.06321469449550718
CS,SV,10,-0.08951618139690254
CU,CH,22038,-0.037135672255455325
CU,CS,92,-0.2609645320974422
CU,CU,39719,0.03658053850434707
CU,EP,2,-0.15070043482410256
CU,FA,4,-0.19219862115278374
CU,FC,15021,-0.08369698407616748
CU,FF,58081,-0.03410596895480563
CU,FO,39,-0.05597183776094775
CU,FS,4920,-0.04743610304484792
CU,KC,27,0.047434911135092586
CU,KN,1,-0.19586875278037041
CU,PO,11,-0.3348825273529986
CU,SI,24950,-0.1289428450026508
CU,SL,16150,0.028196353077665704
CU,ST,6539,0.02071448658871211
CU,SV,290,-0.04752033621947515
CU,UN,1,0.1987937284866348
EP,CH,7,-0.2877492997088536
EP,CS,21,-0.03434386607772294
EP,CU,2,0.024826282970025204
EP,EP,816,-0.2785403215643286
EP,FA,334,-0.2839752962724767
EP,FF,7,-0.012907686738929312
EP,KN,36,-0.3311813820447343
EP,SL,4,-0.08193142712116241
FA,CH,47,-0.26067090304926016
FA,CS,51,-0.13448640744779067
FA,CU,7,0.017070686901986067
FA,EP,327,-0.27463941649257767
FA,FA,976,-0.24967146613416527
FA,FF,19,-0.4839878369622104
FA,KN,32,-0.30045071832063286
FA,SL,6,-0.12177809809751731
FC,CH,21287,0.03848130110692353
FC,CS,31,-0.27939736662253545
FC,CU,15463,-0.015117260237036969
FC,EP,1,-0.43320191325619817
FC,FA,2,-0.3304346901131794
FC,FC,61446,-0.023822710342849693
FC,FF,53729,-0.025475143243882763
FC,FO,271,0.09870341954749796
FC,FS,4941,0.03713892490050072
FC,KC,3562,0.06517739933396285
FC,KN,162,-0.10491043473257658
FC,PO,17,-0.3368696005161516
FC,SC,4,-0.46694620250491425
FC,SI,35666,-0.08595957023520272
FC,SL,14082,0.10748325271025139
FC,ST,17147,0.027973795376960518
FC,SV,844,0.005892591334603686
FC,UN,3,-0.4480559703855154
FF,CH,95231,0.01006322015356853
FF,CS,149,-0.16424259952092393
FF,CU,61204,-0.020663042320778764
FF,EP,7,-0.03812425941386469
FF,FA,17,-0.3004523200776449
FF,FC,55875,-0.011898406109749082
FF,FF,394670,0.019727871842212356
FF,FO,766,-0.014144491139312024
FF,FS,28911,0.057378933958966226
FF,KC,18307,0.03467461993408829
FF,KN,292,-0.0994098417607671
FF,PO,68,-0.3517942741743408
FF,SC,116,-0.19385673514267998
FF,SI,66178,-0.07087452149765451
FF,SL,139238,0.123235855577494
FF,ST,55448,0.07133061402855595
FF,SV,4314,0.06647189613997517
FF,UN,8,-0.4485773130909365
FO,CU,43,-0.2888029557483563
FO,FC,284,-0.0673010482317673
FO,FF,763,-0.05675532119113201
FO,FO,803,0.01704333609380702
FO,FS,7,-0.02130885150108952
FO,SI,114,-0.18784797320214444
FO,SL,111,0.01606166662633506
FO,ST,122,-0.21301359279687695
FS,CH,242,-0.13374528790657958
FS,CS,2,-0.43900561722693965
FS,CU,3979,-0.0589644843071273
FS,FC,5169,-0.03614416605648803
FS,FF,29827,0.03980879598154234
FS,FO,16,-0.3753875153051922
FS,FS,26307,0.05907721979172129
FS,KC,1129,0.013543623023712304
FS,PO,7,-0.1437762063038203
FS,SI,7869,-0.1119484262958162
FS,SL,7720,0.04004856552904532
FS,ST,3809,0.018719348444557454
FS,SV,189,-0.01227004071565307
FS,UN,1,-0.4900809610262513
KC,CH,4258,-0.004995782008033031
KC,CU,21,-0.1316625468548626
KC,FC,3546,-0.04902893167518599
KC,FF,17385,3.235691265896654e-4
KC,FO,1,-0.42635297431843355
KC,FS,1291,-0.1178116275256483
KC,KC,13311,0.08632291239724671
KC,SI,6183,-0.09994295255817055
KC,SL,4699,0.0645469769883117
KC,ST,1086,-0.013091488628944473
KC,SV,2,0.4051472667924827
KC,UN,1,-0.6513094296678901
KN,CH,4,0.11941647762796492
KN,CU,1,-0.10888446704484522
KN,EP,38,-0.21538739072543409
KN,FA,30,-0.28262874857280923
KN,FC,154,-0.06456939029278572
KN,FF,302,-0.053925835269011485
KN,KN,564,-0.08887804850148978
KN,SI,270,-0.24213851532614944
KN,SL,18,0.013019276896860296
KN,ST,235,0.004767183076215501
PO,CH,32,0.10096635481602334
PO,CU,16,-0.09472552674196777
PO,FC,19,-0.039556145935349424
PO,FF,38,0.007687217148606196
PO,FS,5,-0.0044692971277982
PO,KC,1,0.31965322559699416
PO,PO,2,0.03855680215565371
PO,SI,31,-0.09732902132870344
PO,SL,36,0.23188287552531822
PO,ST,15,0.13164464403719953
PO,SV,1,0.6464473903179169
SC,CH,26,-0.08669492841328555
SC,CU,1,-0.13020457117818296
SC,FC,2,-0.10412906631245278
SC,FF,124,0.013416809020606206
SC,SC,60,-0.09966386757544873
SC,SI,9,0.1477861103618731
SC,SL,23,0.28573900344139
SC,ST,14,0.19635592860660317
SI,CH,42103,-0.03757881772169039
SI,CS,62,-0.17975262641372988
SI,CU,25738,0.019070925232262885
SI,FC,36131,-0.007152001506010782
SI,FF,65853,-0.011317028533953805
SI,FO,106,0.0196718514845723
SI,FS,8048,-0.03673054319009334
SI,KC,6281,0.06521925032956889
SI,KN,250,-0.10032209718701779
SI,PO,34,-0.23768104270215298
SI,SC,15,-0.16218862774015483
SI,SI,169615,-0.041301737546968254
SI,SL,60022,0.12396451703975947
SI,ST,42946,0.07728259528496262
SI,SV,2822,0.07742040962527585
SI,UN,5,-0.5735719989752397
SL,CH,30854,-0.033077520860613004
SL,CS,55,-0.24198709909507504
SL,CU,17091,-0.052255704382920924
SL,EP,5,0.21791887644212693
SL,FA,7,-0.4146580393093505
SL,FC,12573,-0.05466279757793157
SL,FF,137375,0.031423955617466984
SL,FO,122,-0.032252979055135154
SL,FS,7377,-0.02359734974108651
SL,KC,4449,-0.0489357242697964
SL,KN,15,-0.03720382112078369
SL,PO,23,-0.29824170964789315
SL,SC,33,-0.05730084085371345
SL,SI,60435,-0.04156213231079858
SL,SL,141654,0.1510729696694563
SL,ST,9231,-0.0024172300693873603
SL,SV,463,0.030676965775652192
SL,UN,4,-0.33356306157656945
ST,CH,15646,-0.045260707924526626
ST,CS,24,-0.137807868031814
ST,CU,7051,-0.015638531486316363
ST,FC,15512,-0.04230165328797654
ST,FF,56355,0.011617398274291752
ST,FO,123,0.02309036401085195
ST,FS,4035,-0.028590613123882856
ST,KC,1258,0.028786845832741072
ST,KN,261,-0.06040223444114037
ST,PO,7,-0.34064148229455377
ST,SC,13,-0.26136082597076893
ST,SI,43199,-0.07441893003155137
ST,SL,7560,0.012670476744080202
ST,ST,64691,0.10872577458251173
ST,SV,62,0.11938039795884306
ST,UN,3,-0.3105563426288427
SV,CH,1164,-0.010904674438679525
SV,CS,19,-0.1924035152019075
SV,CU,271,-0.08747161697855403
SV,FC,795,0.010105503740696117
SV,FF,4315,0.0011255168084754197
SV,FS,216,-0.06838442397641606
SV,KC,3,0.1983608516942089
SV,PO,1,0.2238710760138929
SV,SI,2785,-0.10814733316076999
SV,SL,404,0.08862037058742146
SV,ST,59,-0.05296768818355966
SV,SV,3677,0.11449625345025718
SV,UN,1,-0.7579024182632565
UN,CH,3,0.40613298739723785
UN,CU,1,-0.23082636180333793
UN,FC,2,0.059657389647327363
UN,FF,5,-0.2686341690241534
UN,FS,1,0.28324081358732656
UN,SI,3,0.13256015760513645
UN,SL,7,0.11190304046197394
UN,ST,3,-0.012962350471449705
UN,SV,2,-0.1910430940824881
