player_name,pitcher,game_year,n_pitches,tunneling_plus,tunneling_WAA,tunneling_WAA_per162,tunnel_quality_arsenal,release_similarity_arsenal,approach_divergence_arsenal,runs_saved_per_100,runs_above_avg_per_100,total_tunneling_runs_saved,runs_saved_above_avg,vra_runs_saved_total,hra_runs_saved_total,vaa_runs_saved_total,haa_runs_saved_total,vra_runs_saved_per100,hra_runs_saved_per100,vaa_runs_saved_per100,haa_runs_saved_per100,release_similarity_runs_saved_total,approach_divergence_runs_saved_total,release_similarity_runs_saved_per100,approach_divergence_runs_saved_per100,avg_VRA_KDE,avg_HRA_KDE,avg_VAA_KDE,avg_HAA_KDE,tunneling_plus_pct,tunneling_WAA_pct,tunneling_WAA_per162_pct,tunnel_quality_pct,release_similarity_pct,approach_divergence_pct
"Dodd, Dylan",689266,2026,779,136.14533097176167,0.3146012208983576,1.0096316460152686,0.6259312542075746,0.3512872284917634,0.9005752799233857,0.3904285040123624,0.4038526584061074,3.041438046256303,3.1460122089835765,0.9632910801410617,0.638540276539743,1.4156075319169759,0.023999157658522563,0.12365739154570753,0.08196922677018523,0.1817211209136041,0.003080764782865541,1.6018313566808047,1.4396066895754984,0.2056266183158928,0.18480188569646963,0.3381578199819407,0.36441663700158616,0.02324003785124475,0.17560940230198374,100,98.20914614646627,99.96802046690118,99.77614326830829,99.87208186760473,80.68436200831468
"Hudson, Daniel",543339,2023,64,134.84913184870825,0.02596263409129127,1.0141653941910653,0.6274103309626002,0.3315512459322799,0.9232694159929205,0.4214824610116352,0.4056661576764261,0.26974877504744654,0.2596263409129127,0.07189954981731717,0.09127006776725466,0.09630179322994081,0.010277364232933905,0.11234304658955807,0.1426094808863354,0.15047155192178252,0.016058381613959227,0.16316961758457182,0.10657915746287472,0.2549525274758935,0.16652993353574175,0.32183875415895474,0.34126373770560514,0.032449263699096995,0.12101190431506219,99.96802046690118,68.30828269907259,100,99.84010233450591,98.97665494083786,93.3482571154461
"Vesia, Alex",681911,2023,882,134.66315785191583,0.3558881479639818,1.0087532538661619,0.6350128967057803,0.3118317113695433,0.9581940820420174,0.4193176048816738,0.4035013015464647,3.698381275056363,3.5588814796398185,0.49764362371206516,0.7436142010519688,1.9731345381228493,0.4839889121694796,0.056422179559191064,0.08431000011927084,0.22371139888014163,0.054874026323070244,1.241257824764034,2.457123450292329,0.1407321796784619,0.2785854252032119,0.2684041666478883,0.3552592560911983,0.011201054351631361,0.07241078156433381,99.93604093380236,99.0406140070355,99.93604093380236,100,96.3543332267349,99.32842980492484
"Burr, Ryan",621114,2024,570,134.23888359000466,0.22741175106269934,0.9974199608013128,0.5897978476366584,0.31228986735471476,0.8673058279186021,0.4144790860882814,0.39896798432052516,2.362530790703204,2.2741175106269935,0.32016228722659434,0.5886512203542225,1.3824801639275393,0.07123711919484776,0.05616882232045515,0.1032721439217934,0.2425403796364104,0.012497740209622415,0.9088135075808168,1.453717283122387,0.15944096624224854,0.2550381198460328,0.2371006084504944,0.38747912625893505,0.004274947715071125,0.2611133964477245,99.90406140070355,96.03453789574672,99.90406140070355,93.54013431403901,96.5462104253278,40.965781899584265
"Laweryson, Cody",689520,2025,93,133.56056112776054,0.035418631554171374,0.9521137514562199,0.6099629614283386,0.35211060212257383,0.8678153207341033,0.3922448406972039,0.38084550058248795,0.3647877018483996,0.35418631554171376,0.04553336351818871,0.11678492615101277,0.20013458292669384,0.002334829252504278,0.048960605933536246,0.12557518940969115,0.2151984762652622,0.0025105690887142775,0.16231828966920148,0.20246941217919812,0.1745357953432274,0.21770904535397648,0.3429882770352568,0.36123292720989086,0.013857185799760635,0.2505121727320329,99.87208186760473,72.46562200191877,99.87208186760473,98.52894147745442,99.90406140070355,41.765270227054685
"Hader, Josh",623352,2026,676,133.3952221232758,0.25223292292785116,0.9328140640822896,0.6077986684300187,0.29239278220356346,0.9232045546564741,0.35970147123917084,0.37312562563291585,2.431581945576795,2.5223292292785113,0.4559000873614423,0.20930532788588607,1.684634479956003,0.08174205037346383,0.06744084132565714,0.030962326610338178,0.24920628401716016,0.01209201928601536,0.6652054152473283,1.7663765303294667,0.09840316793599531,0.26129830330317555,0.24941438786886752,0.33537117653825943,0.0031314020787939862,0.15045948860825778,99.84010233450591,96.89798528941478,99.84010233450591,98.14518708026863,89.79852894147746,93.3162775823473
"Hendriks, Liam",521230,2023,87,131.99188490330513,0.032399320078463426,0.9310149447834316,0.628864773990009,0.30774993573822257,0.9499796122417954,0.38822228124858177,0.37240597791337265,0.33775338468626614,0.32399320078463423,0.006152890455268789,0.1063098261874984,0.20134007511660457,0.023950592926894387,0.0070722878796192976,0.12219520251436598,0.2314253736972466,0.027529417157349873,0.11246271664276719,0.22529066804349895,0.12926749039398527,0.2589547908545965,0.2682335978026941,0.347266273673751,0.0041155743617497555,0.0959252011546594,99.8081228014071,71.28237927726255,99.8081228014071,99.87208186760473,95.3949472337704,98.75279820914614
"Petersen, Michael",656848,2025,327,131.92195677886787,0.11845594818917664,0.9056265152077725,0.6190890629414915,0.2993026658610234,0.9388754600219595,0.37364994619782493,0.362250606083109,1.2218353240668876,1.1845594818917664,0.32948482182837324,0.2307332708442118,0.5155979056835349,0.1460193257107676,0.10075988435118448,0.07056063328569169,0.1576752005148425,0.044654228046106297,0.560218092672585,0.6616172313943025,0.17132051763687617,0.20232942856094877,0.26651681595439164,0.3320885157676552,0.03404156658628779,0.08820751336979306,99.77614326830829,89.15893827950111,99.77614326830829,99.55228653661656,92.58074832107451,97.3137192196994
"Burns, Chase",695505,2026,2633,130.18441874226374,0.8879825193685832,0.8431281042238734,0.6169147416255452,0.32083370501436204,0.9129957782367282,0.32382708729580434,0.33725124168954934,8.526367208498527,8.879825193685832,1.0944552145786588,2.66620802810894,4.405123288532934,0.36058067727799425,0.041566852053879944,0.10126122400717584,0.16730434062031652,0.01369467061443199,3.760663242687599,4.765703965810928,0.1428280760610558,0.1809990112347485,0.24462932287026196,0.39703808715846206,0.02573590632945783,0.14827253719708575,99.74416373520947,100,99.68020466901183,99.29645027182603,97.95330988167574,89.06299968020467
"Green, Chad",643338,2023,209,129.86712460022082,0.07266353381694134,0.8691810265184371,0.615076197122625,0.2900899694463569,0.940062424798893,0.363488713942584,0.34767241060737486,0.7596914121400005,0.7266353381694134,0.0028975734167033806,0.17287357550412707,0.47975271460745716,0.10416754861171285,0.0013863987639729093,0.08271462942781199,0.22954675340069722,0.04984093235010184,0.17577114892083046,0.58392026321917,0.08410102819178492,0.2793876857507991,0.2058555865220184,0.37432435237069533,0.0075105918798452995,0.11236455852236873,99.71218420211065,82.57115446114487,99.74416373520947,99.13655260633195,88.71122481611768,97.66549408378637
"Ginkel, Kevin",656464,2025,491,129.758646176355,0.1658113584622189,0.8442533526589557,0.6189875786694592,0.30087287477110974,0.9371022825678087,0.34910068117829823,0.3377013410635823,1.7140843445854443,1.658113584622189,0.46444219000022713,0.28692995268693267,0.7735031155052638,0.1892090863930207,0.09459107739312161,0.058437872237664494,0.1575362760703185,0.03853545547719363,0.7513721426871598,0.9627122018982845,0.15302894963078612,0.19607173154751212,0.2788124592964136,0.3229332902458059,0.021829652965995382,0.10396578189838727,99.68020466901183,92.9325231851615,99.71218420211065,99.52030700351774,93.41221618164374,96.99392388871122
"Megill, Trevor",656730,2026,882,128.80398417146938,0.2838519544853879,0.804569031988061,0.5857249141049932,0.3010556737635349,0.8703941544464513,0.30840345840147937,0.32182761279522437,2.720118503101048,2.838519544853879,-0.5451794730752226,0.7461615223637637,2.176937582244136,0.34219887156837103,-0.06181173164118171,0.08459881205938363,0.24681831998232834,0.0387980580009491,0.20098204928854102,2.519136453812507,0.02278708041820193,0.28561637798327744,0.17687007456855386,0.42524127295851594,0.006197055187352228,0.2530146359197451,99.64822513591301,97.63351455068756,99.58426606971538,91.26958746402303,93.5081547809402,45.2190598017269
"Scott, Tanner",656945,2026,988,128.68727642209558,0.3166773506733319,0.8013090857118724,0.6086009274126528,0.28475578543684105,0.9324460693884646,0.30709947989100395,0.32052363428474895,3.0341428613231187,3.1667735067333194,0.6445382863851705,0.18022546513543602,1.7847411944439955,0.4246379153585167,0.06523666866246666,0.01824144383961903,0.18064182129999953,0.04297954608891869,0.8247637515206065,2.209379109802512,0.08347811250208569,0.22362136738891822,0.2627075949445187,0.3068039759291634,0.02686576380175133,0.10824209742131952,99.6162456028142,98.24112567956507,99.55228653661656,98.30508474576271,85.73712823792773,96.13047649504317
"Ginkel, Kevin",656464,2026,1121,128.6321509413957,0.35861654958412187,0.799769289884304,0.6104939943908123,0.2870122682522648,0.9339757205293598,0.3064835615599766,0.3199077159537216,3.4356807250873374,3.5861654958412186,0.9915283412159681,-0.1530154859965478,2.138232637814326,0.4589352320535909,0.08845034265976522,-0.013649909544741106,0.19074332183892295,0.040939806606029513,0.8385128552194203,2.597167869867917,0.07480043311502411,0.23168312844495242,0.2746838176295796,0.29934071887494995,0.0158234506036315,0.11622510833764889,99.58426606971538,99.0725935401343,99.52030700351774,98.56092101055324,86.8244323632875,96.48225135913016
"Vesia, Alex",681911,2024,1227,128.5980111790045,0.40888280330862614,0.8330945462685942,0.618564437529805,0.2931225151941743,0.9440063598654357,0.34874892027519394,0.3332378185074377,4.27914925177663,4.088828033086261,0.5617691352795191,0.8598395314365916,2.503424279921319,0.35411630513920045,0.04578395560550278,0.07007657142922506,0.2040280586732941,0.028860334567171998,1.4216086667161107,2.8575405850605193,0.11586052703472785,0.23288839324046612,0.26449924940144426,0.3217457809869044,0.017036240016906182,0.09495104025222245,99.55228653661656,99.36040933802367,99.64822513591301,99.39238887112248,90.34218100415734,98.17716661336745
"Whitlock, Garrett",676477,2026,753,128.3887083031685,0.23884235727175826,0.7929693136512558,0.607737751649688,0.31478752386897074,0.9006879794304052,0.30376357106675733,0.31718772546050233,2.287339690132683,2.3884235727175827,0.4710364080965519,0.5765142230884521,1.2313190838631272,0.008469975084551606,0.062554635869396,0.07656231382316761,0.16352179068567424,0.0011248306885194696,1.047550631185004,1.2397890589476788,0.1391169496925636,0.16464662137419372,0.2607433804798596,0.36883166725808186,0.02421367691053776,0.17441036422865175,99.52030700351774,96.45027182603134,99.45634793732012,98.11320754716981,97.15382155420531,81.00415733930285
"Sulser, Cole",642121,2025,387,127.84800972861613,0.12229951718727528,0.7900485606413131,0.6218446829636837,0.34563052801460326,0.898058837912764,0.3274187643712412,0.31601942425652524,1.2671106181167033,1.2229951718727528,0.3793561249913182,0.40752209354832303,0.47662367584143794,0.003608723735624153,0.09802483849904862,0.10530286654995427,0.12315857256884702,9.324867533912541e-4,0.7868782185396412,0.4802323995770621,0.20332770504900288,0.12409105932223827,0.2961366714748138,0.39512438455439264,0.04831960868431054,0.15556271549016157,99.48832747041894,89.63863127598337,99.4243684042213,99.64822513591301,99.6162456028142,78.47777422449632
"deGrom, Jacob",594798,2024,172,127.75144412637435,0.055620192279583036,0.8084330273195208,0.6147833885226871,0.2881758386778201,0.9413909383675542,0.33888431269556457,0.32337321092780835,0.582881017836371,0.5562019227958304,0.1695547137333051,0.10631581387860933,0.19593412124686438,0.11107636897759221,0.09857832193796809,0.061811519696865894,0.11391518677143278,0.0645792842892978,0.27587052761191444,0.3070104902244566,0.16038984163483397,0.17849447106073058,0.27136232595675586,0.30498935139888433,0.041939461443420104,0.07527866182147154,99.45634793732012,78.86152862168213,99.6162456028142,99.0725935401343,87.62392069075791,97.82539174928047
"Ray, Robbie",592662,2023,91,127.46913979563698,0.02909800853574777,0.7993958388941697,0.6039672765135535,0.3311247756086224,0.8768097774184845,0.335574638892877,0.31975833555766786,0.30537292139251804,0.2909800853574777,0.0930324535293039,0.034637124022992793,0.19049215078848647,-0.012788806948265119,0.10223346541681747,0.03806277365164043,0.20933203383350163,-0.014053634009082548,0.1276695775522967,0.17770334384022135,0.1402962390684579,0.19527839982441908,0.2894597550235726,0.3727897961936722,0.003190988707380865,0.24318945645565,99.4243684042213,69.93923888711224,99.48832747041894,97.47361688519348,98.94467540773904,54.141349536296765
"Yates, Kirby",489446,2026,726,127.158085271945,0.22029594772610522,0.7585948613157895,0.581007909847559,0.31680019416309385,0.8452156255320242,0.2900137901325708,0.3034379445263158,2.105500116362464,2.2029594772610523,0.7742080076450293,0.19384829604427978,1.6965540233723004,-0.5591102106991457,0.10664022143870927,0.026700867223729996,0.23368512718626727,-0.07701242571613577,0.9680563036893091,1.1374438126731548,0.13334108866243927,0.1566727014701315,0.3457497279869666,0.2878506603392211,0.00916760982435171,0.3004011391115998,99.39238887112248,95.90661976335146,99.32842980492484,87.08026862807803,97.40965781899584,15.574032619123763
"Montero, Rafael",606160,2025,1098,127.12275552121827,0.33795257898209685,0.7694730851140638,0.599182105710975,0.3228933843267286,0.8754708270952214,0.31918857416034147,0.3077892340456255,3.5046905442805496,3.3795257898209687,1.6759237423465834,0.7466937831446785,1.2283327446084513,-0.14625972581916358,0.15263422061444293,0.0680048982827576,0.1118700131701686,-0.01332055790702765,2.422617525491262,1.0820730187892877,0.22063911889720053,0.09854945526314096,0.3322135626608543,0.3135732059926029,0.05017334969650933,0.19888499611304786,99.36040933802367,98.6568596098497,99.36040933802367,96.67412855772307,98.33706427886153,52.22257755036777
"De Los Santos, Enyel",660853,2025,1105,126.51961696113007,0.3325440184982977,0.7523620328015784,0.6188787454284175,0.3392580403166,0.898499450540235,0.3123441532353473,0.30094481312063137,3.451402893250588,3.325440184982977,1.3868130260611906,0.6181772985225962,1.264375854642367,0.18203671402443433,0.12550344127250593,0.055943646925121826,0.11442315426627755,0.016473910771442023,2.004990324583787,1.4464125686668012,0.18144708819762778,0.13089706503771956,0.3665099559378691,0.31200612469533084,0.05187090297438173,0.15113019594514845,99.32842980492484,98.62488007675087,99.29645027182603,99.48832747041894,99.4243684042213,78.73361048928686
"Jiménez, Joe",641729,2024,1103,126.48754312024818,0.34043612641578325,0.7716140671255285,0.6124771032708758,0.27593736302944183,0.9490168435123096,0.3241567286179676,0.3086456268502114,3.575448716656183,3.4043612641578322,0.5607940444178894,0.5445724702738062,1.8653994029523346,0.6046827990121528,0.05084261508775062,0.049371937468160126,0.169120526106286,0.05482164995577088,1.1053665146916956,2.4700822019644875,0.10021455255591073,0.22394217606205688,0.24994483433331566,0.30192989172556794,0.024028709840645104,0.07793760313473566,99.29645027182603,98.81675727534378,99.39238887112248,98.81675727534378,80.1407099456348,98.72081867604733
"Vest, Will",676684,2026,507,126.18392727417337,0.14832470238665957,0.7313841340565069,0.6304776326770107,0.3461250313061619,0.9148302340478595,0.27912949922885777,0.29255365362260277,1.4151865610903087,1.4832470238665958,0.41371544148069006,0.5032208789157266,0.2179174878519916,0.2803327528419004,0.08160067879303552,0.09925461122598157,0.042981753028006234,0.0552924561818344,0.9169363203964167,0.498250240693892,0.1808552900190171,0.09827420920984063,0.27287032173942793,0.4193797408728959,0.08167214415982064,0.08866738774446041,99.26447073872721,91.46146466261592,99.13655260633195,99.93604093380236,99.64822513591301,90.31020147105852
"Sulser, Cole",642121,2026,964,126.02278739626584,0.2802861174447521,0.7268830846596269,0.5945507183916732,0.320097076670503,0.8690043601128434,0.27732907947010577,0.29075323386385077,2.6734523260918195,2.8028611744475214,0.9010992270808629,0.6654984334422807,1.2638704773603422,-0.15701581179166624,0.09347502355610611,0.06903510720355609,0.13110689599173675,-0.01628794728129318,1.5665976605231435,1.106854665568676,0.1625101307596622,0.11481894871044356,0.27164293766972836,0.3685512156712777,0.043259317217331415,0.2187319625569817,99.23249120562839,97.5375759513911,99.0725935401343,95.3949472337704,97.76143268308283,43.204349216501434
"Brebbia, John",605154,2023,649,125.75921658398391,0.19460507531930843,0.7496343425243006,0.5987739174923729,0.23248506997027588,0.9650627650144697,0.31567004034492935,0.29985373700972023,2.0486985618385916,1.9460507531930844,0.3165011568648879,-0.2698781250310276,1.5255190493480768,0.47655648065665446,0.0487675126140043,-0.041583686445458796,0.23505686430632927,0.07342934987005462,0.046623031833860296,2.0020755300047313,0.0071838261685455,0.3084862141763839,0.2384812259989152,0.22648891394163656,0.002927229541594726,0.06694724042946573,99.20051167252957,94.69139750559641,99.26447073872721,96.5462104253278,40.773904700991366,99.55228653661656
"Ginkel, Kevin",656464,2024,1184,125.29794250461406,0.34902405087936766,0.7369595668905566,0.6141258066094715,0.29779141873847914,0.9304601944804638,0.3102949285239789,0.29478382675622267,3.67389195372391,3.4902405087936765,1.2668050182272736,0.1692485593539459,1.754440422983862,0.4833979531588284,0.10699366708000622,0.014294641837326512,0.1481790897790424,0.04082752982760375,1.4360535775812195,2.2378383761426903,0.12128830891733272,0.18900661960664614,0.29724106170251363,0.2983417757744446,0.03456057015961221,0.10451904087946011,99.16853213943077,98.91269587464024,99.23249120562839,99.00863447393668,91.973137192197,95.6188039654621
"Yates, Kirby",489446,2024,1052,125.16181058776606,0.30844382471179,0.7329938800185122,0.5690512857094863,0.2974751676774674,0.8406274037415051,0.3087086537751611,0.2931975520074049,3.247615037714695,3.0844382471179,0.937381091415773,0.4326612922991444,2.338282862208871,-0.46071020820909325,0.08910466648438907,0.041127499267979505,0.22227023405027288,-0.043793746027480346,1.3700423837149174,1.8775726539997777,0.13023216575236857,0.17847648802279256,0.2913762155662924,0.3035741197886424,0.016826900601213876,0.3019182919157759,99.13655260633195,98.081228014071,99.20051167252957,73.4569875279821,91.8132395267029,12.184202110649185
"Alvarado, José",621237,2023,855,125.16132798667098,0.2504243116743869,0.7322348294572716,0.6241215494487378,0.32021720397816816,0.9280258949193074,0.30871023511811774,0.2928939317829086,2.639472510259907,2.504243116743869,0.8038164979443536,0.6120098776190162,0.5558194978125357,0.6678266368840013,0.09401362549056767,0.07158010264549897,0.06500812839912698,0.07810837858292413,1.4158263755633698,1.223646134696537,0.16559372813606665,0.1431165069820511,0.27346194225438036,0.36697246570195596,0.07817785645632046,0.06577035370506472,99.10457307323313,96.86600575631596,99.16853213943077,99.74416373520947,97.79341221618164,94.91525423728814
"Díaz, Alexis",664747,2023,1161,125.11049716627815,0.3393628873591643,0.7307555714021626,0.6125026217917984,0.29192437477061556,0.9330808688129812,0.3081185318960742,0.2923022285608651,3.577256155313421,3.393628873591643,1.387322559007771,-0.046971055763947334,2.018463979833541,0.21844067223605634,0.1194937604657856,-0.004045741237204766,0.1738556399512094,0.018814872716283924,1.3403515032438236,2.2369046520695974,0.11544801922858085,0.19267051266749333,0.3317066464236647,0.2521421031175664,0.02111855120611717,0.11271971116792032,99.0725935401343,98.75279820914614,99.10457307323313,98.8487368084426,89.63863127598337,96.25839462743843
"Natera Jr., Samy",696519,2026,623,124.99194284207152,0.17396376801727123,0.698088956730623,0.608681194009248,0.28364045777569113,0.9337219302428048,0.2658114282985042,0.2792355826922492,1.656005198299681,1.7396376801727123,0.1320012050518926,0.533660427070572,0.8516625564898277,0.13868100968738872,0.021187994390351943,0.08565977962609503,0.13670346011072676,0.022260194171330454,0.6656616321224647,0.9903435661772164,0.10684777401644699,0.15896365428205722,0.2469390201741931,0.3203418953771892,0.03738638616150221,0.09516975335288821,99.0406140070355,93.5081547809402,98.91269587464024,98.33706427886153,85.16149664214903,96.3863127598337
"Hernández, Daysbel",678226,2024,372,124.79565322844769,0.10748229847024322,0.7223272746656131,0.60668263258624,0.2701252730646805,0.9432399921077996,0.3044420116340014,0.2889309098662452,1.1325242832784852,1.0748229847024322,0.028809413672206574,0.3379841475025387,0.5786298620205343,0.1871008600832056,0.007744466040915745,0.0908559536297147,0.15554566183347696,0.05029593012989398,0.36679356117474526,0.7657307221037399,0.09860041967063043,0.20584159196337096,0.2166993567174665,0.3235511894118944,0.0274389236564755,0.08608109212792515,99.00863447393668,88.03965462104253,99.0406140070355,97.9213303485769,75.69555484489926,97.98528941477454
"De Los Santos, Enyel",660853,2026,1164,124.79017972466983,0.3224062081678459,0.6924531962367824,0.6112205568502614,0.3363385594377832,0.88610255426273965,0.26355712410096793,0.27698127849471293,3.0678049245352668,3.2240620816784586,1.6226182038381012,0.5971260429350878,0.8172522983795716,0.030808379382506246,0.1394001893331702,0.051299488224663896,0.070210678554946,0.002646767988187822,2.219744246773189,0.8480606777620778,0.1906996775578341,0.07285744654313384,0.3485980895939368,0.32407902928162957,0.07221535980262504,0.15557953167189556,98.97665494083786,98.40102334505916,98.8487368084426,98.59290054365206,99.29645027182603,66.06971538215542
"Rainey, Tanner",663432,2025,201,124.73935923115863,0.056429229432045924,0.7018560874632578,0.5870391089957985,0.2522468440613569,0.92183137393024,0.29214177510001904,0.2807424349853031,0.5872049679510383,0.5642922943204592,0.0899016494913667,0.04883915901518776,0.4331777461175079,0.01528641332697589,0.04472718880167497,0.02429808906228247,0.21551131647637212,0.0076051807596894975,0.13874080850655446,0.4484641594444838,0.06902527786395744,0.22311649723606158,0.2285438021647575,0.2759498859579562,0.01345458500894105,0.14288266713057898,98.94467540773904,79.05340582027503,98.94467540773904,92.0051167252958,60.505276622961304,92.70866645346977
"Green, Chad",643338,2024,862,124.56279548629219,0.2467195187490331,0.7155438478800263,0.6120985538644171,0.28823571353076133,0.9359613941980729,0.30172864091976676,0.28621753915201054,2.6009008847283894,2.467195187490331,0.21737110881031185,0.6687139847999788,1.3476362269993842,0.36717956411871455,0.025217065987275158,0.07757702839906946,0.1563383093966803,0.04259623713674183,0.8860850936102906,1.7148157911180988,0.10279409438634461,0.19893454653342213,0.23108640898772037,0.3453850180738023,0.026127417479710195,0.10194979412414398,98.91269587464024,96.73808762392069,99.00863447393668,98.78477774224497,87.75183882315318,96.70610809082187
"Scott, Tanner",656945,2025,901,124.48047928970382,0.25030200177639167,0.6945116586470358,0.6051363820634733,0.27965347563687604,0.9306192884900706,0.28920400357353027,0.2778046634588143,2.6057280721975076,2.503020017763917,0.24378291368338978,0.5117031267645871,1.4244797329802168,0.42576229876931393,0.02705692715686901,0.05679279986288425,0.1580998593762727,0.047254417177504324,0.7554860404479768,1.8502420317495307,0.08384972701975325,0.205354276553777,0.2336714257288583,0.32563552554489383,0.03185782921047998,0.10690359380937885,98.88071634154142,96.83402622321714,98.88071634154142,97.69747361688519,82.66709306044132,95.74672209785737
"López, Reynaldo",625643,2023,1203,124.19729839222555,0.3388514297678669,0.7041800286115272,0.6193108778172665,0.29241787326176744,0.9462038823727655,0.29748831477982,0.2816720114446109,3.578784426801235,3.388514297678669,0.35901525796009537,0.8480143653719097,1.8004062524714755,0.5713485509977545,0.029843329838744423,0.07049163469425683,0.14965970510984833,0.04749364513697045,1.207029623332005,2.37175480346923,0.10033496453300125,0.1971533502468188,0.24860641641621856,0.3362293301073163,0.02757743871258974,0.08001479654187924,98.8487368084426,98.68883914294851,98.97665494083786,99.58426606971538,89.83050847457628,98.4649824112568
"Alvarado, José",621237,2026,1146,124.19456810595399,0.30979416378888514,0.6758162386319485,0.616753278083654,0.3018578234684208,0.9316487326988873,0.2569023410590344,0.2703264954527794,2.944100828536534,3.0979416378888516,0.5863323020321332,0.9090926382891666,0.18255104769275476,1.2661248405224796,0.0511633771406748,0.07932745534809482,0.015929410793434098,0.1104820977768307,1.4954249403212998,1.4486758882152344,0.1304908324887696,0.12641150857026479,0.2638311454135867,0.339884501523255,0.09756472148616603,0.0391378131160595,98.81675727534378,98.17716661336745,98.56092101055324,99.23249120562839,93.85992964502718,95.9705788295491
"Green, Chad",643338,2025,710,124.15439657530015,0.1946140347945188,0.6852606858961929,0.5990378662926332,0.2850601531808148,0.9130155794044518,0.2855036144731931,0.2741042743584772,2.027075662759671,1.946140347945188,0.45743379368559545,0.41908068928387365,1.1499027029699391,6.584768202628766e-4,0.06442729488529514,0.05902544919491179,0.16195812717886465,9.274321412153191e-5,0.8765144829694691,1.150561179790202,0.12345274408020691,0.1620508703929862,0.26539158016818887,0.3047287261934407,0.027071064111705786,0.1468977770793907,98.78477774224497,94.72337703869523,98.75279820914614,96.64214902462423,85.8970259034218,89.09497921330349
"Barnes, Jacob",606930,2025,146,124.01291156353466,0.039784810401299525,0.6812467534469097,0.5996673022656716,0.3210353686180903,0.8782992359132529,0.2838980414934798,0.27249870137876386,0.41449114058048053,0.39784810401299525,0.16020298806688515,0.13128446009432082,0.13668238910793207,-0.01367869668865751,0.10972807401841449,0.08992086307830194,0.09361807473146032,-0.009368970334696925,0.291487448161206,0.12300369241927456,0.19964893709671644,0.08424910439676339,0.2954580471013664,0.34661269013481416,0.059561004661306864,0.18384052351218733,98.75279820914614,74.19251678925488,98.62488007675087,96.73808762392069,97.98528941477454,56.0921010553246
"Williams, Devin",642207,2026,745,123.87970015078074,0.198772308781706,0.6670211704084095,0.5807263993732592,0.2734111781073642,0.8880416206391543,0.2533843137696188,0.2668084681633638,1.8877131375836598,1.98772308781706,-0.043183309316646046,0.23859117766482996,1.838097439667763,-0.1457921704322871,-0.005796417357939066,0.0320256614315208,0.24672448854600845,-0.01956941884997142,0.1954078683481839,1.6923052692354759,0.026229244073581733,0.22715506969603702,0.23914500245302828,0.30767735376170013,0.005089685852085321,0.2188270728696061,98.72081867604733,95.01119283658458,98.40102334505916,86.79245283018868,78.28589702590342,68.75599616245603
"Graterol, Brusdar",660813,2023,963,123.6174519311864,0.264750105766261,0.6873055705250806,0.6114118451801955,0.3222011920458413,0.9006224983145498,0.2907385315452413,0.2749222282100322,2.799812058780674,2.64750105766261,1.5044143261493446,0.3435294652551306,0.2801654129658573,0.6717028544103414,0.15622163303731512,0.03567284166719944,0.02909298161639224,0.06975107522433452,1.8479437914044752,0.9518682673761987,0.19189447470451454,0.09884405684072675,0.3552103422477587,0.2891920418439239,0.1085192948954369,0.0902357084754635,98.68883914294851,97.3456987527982,98.81675727534378,98.6568596098497,98.24112567956507,80.87623920690757
"Rainey, Tanner",663432,2024,985,123.55251553115767,0.2703285908287823,0.6861131746923407,0.6061249556663404,0.274185140266761,0.9380647710659197,0.2899563716446925,0.2744452698769363,2.8560702607002213,2.703285908287823,0.46450477338339624,0.54537718769825,1.5332201262017406,0.31296817341683436,0.04715784501354276,0.05536824240591371,0.15565686560423764,0.03177341862099842,1.0098819610816463,1.846188299618575,0.10252608741945647,0.18743028422523603,0.2535965192648966,0.2947737612686253,0.028233712479841477,0.09563674538831919,98.6568596098497,97.44163735209466,98.78477774224497,97.85737128237928,78.66965142308922,97.15382155420531
"Yates, Kirby",489446,2025,721,123.5035444016898,0.19230396567011354,0.666795997469187,0.5672509539094676,0.3004974660941385,0.8340044417247966,0.2781177391023908,0.26671839898767485,2.0052288989282374,1.9230396567011354,0.6710021292692545,0.294490802121004,1.569843860405797,-0.530107892867818,0.09306548256161644,0.04084477144535423,0.21773146468873744,-0.07352397959331734,0.9654929313902585,1.039735967537979,0.13391025400697065,0.14420748509542008,0.3092317466695251,0.2917631855187519,0.018404136707924193,0.3135869798424826,98.62488007675087,94.56347937320115,98.33706427886153,70.51487048289094,93.15637991685321,7.99488327470419
"Smith, Cade",671922,2025,1240,123.4802480892501,0.3304030000006063,0.6661350806463835,0.5776755547635689,0.27275326134483807,0.8825978481822998,0.27785337237326935,0.2664540322585534,3.44538181742854,3.3040300000060627,0.5245399780160369,0.9101042592674276,2.3835290194519985,-0.3727914393069227,0.04230161113032556,0.07339550477963126,0.19222008221387085,-0.03006382575055828,1.4346442372834645,2.0107375801450758,0.11569711590995681,0.16215625646331255,0.2515984414455039,0.2939080812441722,0.01687302111319812,0.21793128252220229,98.59290054365206,98.56092101055324,98.30508474576271,84.26606971538216,77.64630636392708,61.68851934761752
"Kittredge, Andrew",552640,2024,1045,123.47047189860291,0.2857962745080108,0.6837231447560067,0.6059768563132485,0.2942325011859019,0.9177212114405952,0.2890003596701589,0.2734892579024027,3.0200537585531606,2.8579627450801084,1.012291880403609,0.7616006178036514,0.1715839306862108,1.0745773296596894,0.09687003640225923,0.07288044189508626,0.01641951489820199,0.10283036647461143,1.7738924982072604,1.2461612603459002,0.1697504782973455,0.11924988137281343,0.3039125161579199,0.28455248621388385,0.10240929499193711,0.062148282126872664,98.56092101055324,97.72945314998401,98.72081867604733,97.82539174928047,90.8218740006396,91.2056283978254
"Speier, Gabe",642100,2023,782,123.46421217565978,0.2135942440961463,0.6828460489007234,0.6160880280753005,0.3093142586098846,0.9228617975407163,0.2889547228954985,0.2731384195602894,2.2596259330427984,2.135942440961463,0.9431903290003447,0.5080918391213345,0.3032995304747601,0.505044234446359,0.1206125740409648,0.06497338096180748,0.03878510619881843,0.0645836616939078,1.4512821681216792,0.8083437649211191,0.18558595500277228,0.10336876789272624,0.30806798719326356,0.3105605300265057,0.07458976704771507,0.07968663787085245,98.52894147745442,95.65078349856093,98.68883914294851,99.16853213943077,95.87464023025264,93.15637991685321
"De Los Santos, Enyel",660853,2024,1127,123.42384769796013,0.3076101084498776,0.6823649255764809,0.6135967936086437,0.3137999207459313,0.9133936664713561,0.2884570719983486,0.27294597023059236,3.2509112014213883,3.076101084498776,1.54182369662567,0.24591510874824962,1.2034379230681225,0.25973447297934626,0.13680778142197605,0.021820329081477338,0.10678242440710936,0.023046537087785826,1.7877388053739196,1.4631723960474687,0.15862811050345338,0.12982896149489517,0.3422650536381677,0.28533478785369487,0.054276029864723525,0.11893663719256418,98.4969619443556,98.04924848097217,98.6568596098497,98.94467540773904,96.9619443556124,89.28685641189638
"Nelson, Kyle",669459,2023,961,123.32119284641972,0.2608861134568538,0.6786839580043023,0.6093535035586933,0.3427461258843383,0.8759608812330484,0.28728988653693005,0.27147358320172094,2.7608558096198976,2.608861134568538,0.8563115396955254,0.9714520437914871,0.9963622588493308,-0.06327003271644571,0.08910629965614209,0.10108762162242321,0.10367973557225087,-0.006583770313886131,1.8277635834870125,0.9330922261328851,0.1901939212785653,0.09709596525836474,0.2899271596267448,0.39556509214193175,0.052487127123539985,0.19559111041036328,98.4649824112568,97.08986248800767,98.59290054365206,98.43300287815798,99.52030700351774,53.054045410937
"Nelson, Kyle",669459,2024,175,123.16150510622882,0.04723057987010057,0.6747225695728651,0.6148874545936194,0.35096912269728703,0.8788057864899517,0.2854001295969023,0.2698890278291461,0.49945022679457907,0.4723057987010057,0.1860010634372884,0.1656736394179461,0.16868437077755516,-0.020908846838210593,0.1062863219641648,0.0946706510959692,0.0963910690157458,-0.01194791247897748,0.3516747028552345,0.14777552393934457,0.200956973060134,0.08444315653676832,0.3199790120360241,0.38195923335855,0.05327635753100961,0.18911206948908696,98.43300287815798,76.84681803645667,98.52894147745442,99.10457307323313,99.84010233450591,56.98752798209146
"Strider, Spencer",675911,2025,2110,123.09761657137825,0.5530561657807768,0.6552798172758019,0.600444534466529,0.26941260668220923,0.9314764622508489,0.2735112670250367,0.26211192691032076,5.771087734228274,5.530561657807768,1.5211688105473513,0.7387626494120809,3.1465335880611747,0.36462268620766736,0.0720933085567465,0.035012447839435114,0.14912481460005567,0.017280696028799402,2.2599314599594322,3.511156274268842,0.10710575639618163,0.16640551062885506,0.2572134759767981,0.2816117373876204,0.02723068708290029,0.10981638841540192,98.40102334505916,99.84010233450591,98.24112567956507,96.9299648225136,75.05596418292293,95.90661976335146
"deGrom, Jacob",594798,2023,451,123.06106777165894,0.12106894808030289,0.6711139028841624,0.6308063307034488,0.33214630500587505,0.9294663564010226,0.2842618644888741,0.26844556115366497,1.282021008844822,1.2106894808030289,0.30466889357194304,0.28909934416378746,0.624543274610005,0.06370949649908653,0.06755407839732662,0.06410185014718126,0.13847966177605434,0.014126274168311869,0.5937682377357305,0.6882527711090916,0.13165592854450786,0.15260593594436622,0.34267400067500625,0.3216186093367439,0.029652582996094676,0.11141470420186021,98.36904381196034,89.5107131435881,98.4969619443556,99.96802046690118,99.0406140070355,95.36296770067158
"Montgomery, Mason",682254,2024,158,122.99574598662608,0.042337288574785054,0.6698938065630545,0.5968383452784832,0.3008885018739421,0.8927881886830243,0.28346862439297804,0.2679575226252218,0.4478804265409053,0.42337288574785054,0.07908681061780953,0.08454204627560102,0.2856199880689019,-0.0013684184214071138,0.05005494342899337,0.053507624225063936,0.18077214434740627,-8.660876084855151e-4,0.16362885689341056,0.28425156964749476,0.10356256765405732,0.17990605673892074,0.25120897892450633,0.3505680248233779,0.025622676076511045,0.18880094655744023,98.33706427886153,75.50367764630637,98.4649824112568,95.9705788295491,93.44419571474256,73.87272145826671
"Milone, Tommy",543548,2023,163,122.99015739358194,0.04362207940557196,0.669050297631472,0.58963105725611,0.2698465843600209,0.9094155301521991,0.28343642238779787,0.26762011905258876,0.4620013684921105,0.4362207940557196,0.18104381123339408,0.10849989074176847,0.11576651553014017,0.05669115098680777,0.11106982284257307,0.06656435014832421,0.07102240216573016,0.03477984723117041,0.28954370197516255,0.17245766651694794,0.1776341729908973,0.10580224939690057,0.25430903505978286,0.28538413366025894,0.05886238388373107,0.12230655581187061,98.30508474576271,75.95139110968981,98.43300287815798,93.38023664854494,75.34377998081227,86.95235049568277
"Strider, Spencer",675911,2023,3287,122.91373116568036,0.8767430513920363,0.6668261723395469,0.6178402099955538,0.29638501792578975,0.9392954020653179,0.28254677227102787,0.26673046893581875,9.287312404548686,8.767430513920363,-0.05852267611106754,2.76436385122679,5.349020436817682,1.232450792615282,-0.001780428235809782,0.08409990420525676,0.1627325961915936,0.037494700109987275,2.7058411751157223,6.581471229432964,0.08231947596944698,0.20022729630158087,0.22486795421037536,0.3679020816412042,0.029961156892175694,0.09144803897718848,98.27310521266389,99.96802046690118,98.36904381196034,99.36040933802367,91.52542372881356,97.47361688519348
"Varland, Gus",681402,2026,602,122.6911232904807,0.15262413900940164,0.6338211752882128,0.5932274307933489,0.27295137733172675,0.9135034842549712,0.24010431572154015,0.2535284701152851,1.4454279806436716,1.5262413900940164,-0.01228787745367299,0.36660879187638784,1.0202192552496854,0.07088781097127139,-0.0020411756567563105,0.06089847041136011,0.16947163708466534,0.011775383882270994,0.35432091442271485,1.0911070662209568,0.058857294754603794,0.18124702096693632,0.2122689492508516,0.3336338054126019,0.02906326388591511,0.1439297676041424,98.24112567956507,91.7812599936041,97.98528941477454,94.88327470418932,77.96610169491525,89.44675407739047
"Sterner, Justin",686993,2025,1093,122.6063334168463,0.2803947682737514,0.6413421049262384,0.6073535035819992,0.2746191559877807,0.9400878511762178,0.2679361820852113,0.25653684197049537,2.92854247019136,2.8039476827375145,0.8198112179306918,0.46069911039558065,0.8415529744074774,0.80647916745761,0.07500560090857199,0.042149964354581945,0.07699478265393206,0.07378583416812534,1.2805103283262724,1.6480321418650874,0.11715556526315392,0.1507806168220574,0.2808189669680748,0.2684193450074866,0.053925661883284785,0.06589863576427951,98.20914614646627,97.56955548448992,98.04924848097217,98.01726894787336,79.14934441957148,97.69747361688519
"Snell, Blake",605483,2026,741,122.51766378786208,0.186428488542415,0.6289760072281209,0.5838543427493507,0.23979592869038852,0.9279127568083128,0.23816624849750334,0.25159040289124834,1.7648119013664996,1.86428488542415,-0.021725175235815186,0.4411057822399016,1.1494568417067512,0.19597445265566193,-0.0029318725014595396,0.05952844564641047,0.15512238079713242,0.026447294555419963,0.4193806070040864,1.3454312943624132,0.05659657314495094,0.1815696753525524,0.21319154420712721,0.2664003131736498,0.03279248081134383,0.11138200557203067,98.17716661336745,94.17972497601535,97.85737128237928,89.95842660697154,48.321074512312116,94.8512951710905
"Lee, Dylan",669276,2024,876,122.50644605375628,0.22973622431318522,0.6556399095695924,0.6147355922613733,0.3170713069259131,0.9123998775968335,0.27776706559559317,0.26225596382783695,2.4332394946173963,2.297362243131852,0.5805356484493132,0.8285607583673027,0.6583226524570591,0.36582043534372133,0.06627119274535538,0.09458456145745464,0.07515098772340857,0.041760323669374586,1.4090964068166159,1.0241430878007804,0.16085575420281004,0.11691131139278316,0.2557675476166087,0.37837506623521755,0.06451607902724323,0.11068416577908982,98.14518708026863,96.13047649504317,98.27310521266389,99.0406140070355,97.5055964182923,88.71122481611768
"King, Bryan",687911,2024,409,122.47791759771452,0.10712672642822754,0.6548088412483345,0.6067780972366956,0.27022738879192765,0.9433288056814635,0.27743463826709003,0.2619235364993338,1.1347076705123982,1.0712672642822754,0.17208494248825446,0.2820852824470421,0.3514153671621898,0.3291220784149118,0.04207455806558789,0.06896950671076824,0.08592062766801707,0.08046994582271683,0.4541702249352966,0.6805374455771016,0.11104406477635614,0.16639057349073388,0.25229494973115624,0.288159827852699,0.04568229970407357,0.06766008893299935,98.11320754716981,87.91173648864726,98.20914614646627,97.95330988167574,75.88743204349217,98.081228014071
"Díaz, Alexis",664747,2024,977,122.36440223282968,0.25460698230490747,0.651502001803755,0.6059622883079413,0.28525636541440924,0.9266682112014734,0.2761119024892582,0.260600800721502,2.6976132873200527,2.546069823049075,1.0161264698467676,-0.07377283978257765,1.6286048517158633,0.12665480553999942,0.10400475638145011,-0.007550955965463424,0.1666944576986554,0.012963644374616112,0.9423536300641899,1.7552596572558627,0.09645380041598668,0.17965810207327151,0.32122363170352386,0.2492890991252946,0.025004531582549186,0.12165904601450409,98.081228014071,97.02590342181004,98.17716661336745,97.79341221618164,85.99296450271827,94.43556124080588
"Sulser, Cole",642121,2023,84,122.35503962778,0.021859063171776542,0.6505673563028733,0.6047501948972962,0.30018513480444486,0.9093152549901475,0.2760432458563584,0.2602269425211493,0.2318763265193411,0.21859063171776544,0.03762420751445461,0.07944445566317881,0.07119085639169498,0.04361680695001269,0.044790723231493586,0.09457673293235573,0.0847510195139226,0.051924770178586536,0.11706866317763343,0.11480766334170767,0.13936745616384932,0.13667578969250913,0.23680374899895518,0.3635665206099345,0.058810674325220934,0.12255881569448392,98.04924848097217,66.32555164694595,98.14518708026863,97.66549408378637,93.02846178445795,86.92037096258395
"Payamps, Joel",606303,2026,198,122.26679274590052,0.04925990810331074,0.6219685366579639,0.6039434082241504,0.27047011454691017,0.9374167019013906,0.23536326026944057,0.24878741466318555,0.4660192553334923,0.4925990810331074,0.19127178196322348,-0.010358399096105586,0.11981364553685125,0.16529222692952317,0.0966019100824361,-0.005231514695002821,0.06051194219032892,0.08348092269167837,0.1809133828671179,0.2851058724663744,0.09137039538743327,0.14399286488200727,0.2914574536292391,0.24948277546458125,0.05853695504870682,0.06662964114851197,98.01726894787336,77.35849056603774,97.79341221618164,97.44163735209466,76.01535017588743,97.05788295490886
"Barnes, Jacob",606930,2024,1117,122.2370453672719,0.2894334400233249,0.6477919427558748,0.6128796027646904,0.3484502787976466,0.8773089267317343,0.27462787887010615,0.2591167771023499,3.0675934069790856,2.894334400233249,1.1294423592162275,1.0505657674530084,0.9165021708863605,-0.028916890576510923,0.10111390861380729,0.09405244113276709,0.0820503286379911,-0.0025887995144593485,2.180008126669236,0.8875852803098496,0.1951663497465744,0.07946152912353174,0.31055942782433393,0.3863411297709593,0.066664527096412865,0.1787176194401185,97.98528941477454,97.82539174928047,98.11320754716981,98.88071634154142,99.77614326830829,54.81291973137192
"Almonte, Yency",622075,2024,275,122.03990123808188,0.07062537862334664,0.6420488965758785,0.6028183026133962,0.2745251305156077,0.9311114747111846,0.2723306603981076,0.2568195586303514,0.7489093160947959,0.7062537862334664,0.31439879768004175,0.0036331509945739526,0.07541325504098495,0.3554641123791953,0.11432683552001519,0.0013211458162087101,0.027423001833085433,0.1292596772287983,0.3180319486746157,0.43087736742018024,0.11564798133622389,0.1566826790618837,0.33038048328543945,0.21866977774577592,0.09128839838330088,0.046488652194329995,97.95330988167574,82.05948193156381,98.081228014071,97.28173968660057,79.02142628717621,95.84266069715383
"Jackson, Jay",543351,2023,442,121.93844632683962,0.11287686842021578,0.638443825906198,0.6021322243356655,0.2658389936840538,0.9384254549872773,0.2711938336976883,0.2553775303624792,1.198676744943782,1.1287686842021578,0.2651418500395266,-0.07431800601534633,0.7437538175703367,0.26409908334926513,0.05998684390034539,-0.01681402851025935,0.16827009447292685,0.05975092383467537,0.1908238440241803,1.0078529009196018,0.04317281539008604,0.2280210183076022,0.27586018660590056,0.255817800762207,0.021459109847712363,0.10168998017773304,97.9213303485769,88.58330668372241,98.01726894787336,97.15382155420531,72.68947873361049,97.21778062040293
"Pagán, Emilio",641941,2026,688,121.92556323511093,0.1685426961631722,0.6124371226859454,0.5824522664093188,0.2758563149098824,0.8890482179087553,0.2315506946806332,0.24497484907437816,1.5930687794027563,1.685426961631722,0.34943546514944046,0.32327358509473925,1.1752711852556104,-0.2549114560970338,0.050790038539162856,0.0469874396940028,0.1708243001825015,-0.037051083735033984,0.6727090502441797,0.9203597291585766,0.09777747823316565,0.13377321644746754,0.24648903302235262,0.3052235967974121,0.025800571320017743,0.19610299286247151,97.8893508154781,93.18835944995203,97.66549408378637,88.5513271506236,79.98081228014071,69.90725935401343
"Springs, Jeffrey",605488,2023,211,121.75957425546834,0.05344531783327566,0.6332383629535032,0.5969576875401629,0.2927695818752425,0.9011457932050833,0.2691116485166104,0.2532953451814013,0.5678255783700479,0.5344531783327566,0.10559645929333783,0.1772511379676871,0.2068630829483027,0.07811489816072026,0.050045715304899444,0.0840052786576716,0.09803937580488278,0.03702127874915652,0.28284759726102493,0.28497798110902295,0.13405099396257106,0.13506065455403932,0.2575303983036543,0.32800876544683066,0.05524437277113745,0.14246404081869604,97.85737128237928,78.34985609210105,97.95330988167574,96.0025583626479,89.99040614007036,81.38791173648865
"Romano, Jordan",605447,2023,927,121.75096076219103,0.23471183787798178,0.6329876965425614,0.5762954128518841,0.2583109903116519,0.8942798353921163,0.2690113819522337,0.25319507861702456,2.4937355106972063,2.3471183787798178,0.013429458535938466,0.6003372885443241,2.142881921583921,-0.26291315796697745,0.0014487010286880762,0.0647613040500889,0.23116309833699256,-0.028361721463535865,0.6137667470802626,1.8799687636169438,0.06621000507877699,0.20280137687345673,0.20638151139837338,0.31024046922493037,0.005375256885685632,0.2060650723300818,97.82539174928047,96.29037416053725,97.9213303485769,82.79501119283658,66.35753118004477,75.31180044771347
"Montero, Rafael",606160,2023,1344,121.66398682934494,0.338933476864313,0.6304566161910584,0.6233822598211531,0.35610287040849353,0.8906616492338129,0.26799894981163247,0.25218264647642336,3.601905885468341,3.3893347686431303,1.8830066000159604,0.8632944431276428,0.5018424042373226,0.3537624380874149,0.14010465773928277,0.06423321749461629,0.037339464600991266,0.02632160997674218,2.7463010431436032,0.8556048423247375,0.20433787523389904,0.06366107457773344,0.3555607599804509,0.35664498083653623,0.08467041731708057,0.13400628421529365,97.79341221618164,98.72081867604733,97.8893508154781,99.71218420211065,99.93604093380236,71.88999040614007
"Enright, Nic",663671,2025,532,121.5850701886695,0.13031209083372677,0.6123688479028515,0.604730428800939,0.3103723771892587,0.8990884804126194,0.25634687927585653,0.2449475391611406,1.3637653977475566,1.3031209083372677,-0.11471697375873191,0.5722145945874217,0.9242127801276183,-0.017945003208751586,-0.021563340932092463,0.10755913432094395,0.1737242067909057,-0.0033731209039006738,0.45749762082868983,0.9062677769188667,0.08599579338885148,0.17035108588700504,0.20351892696351292,0.4172258274150045,0.026832702053663136,0.17499033712109804,97.76143268308283,90.18228333866325,97.63351455068756,97.63351455068756,96.09849696194436,79.50111928365845
"Díaz, Edwin",621242,2024,1104,121.49339813819425,0.27649839080099414,0.6261286023573237,0.601367123347279,0.27437734676272424,0.9283568999318338,0.2659625427106857,0.2504514409429295,2.93622647152597,2.7649839080099414,0.8426570478020494,0.2386999376183212,1.573452360162264,0.2814171259433351,0.07632763114148998,0.02162137116107982,0.14252285871035,0.025490681697765864,1.0813569854203706,1.8548694861055992,0.09794900230256981,0.16801354040811586,0.29716598007545436,0.2515887134499941,0.03989228050562744,0.10339391963070498,97.72945314998401,97.47361688519348,97.82539174928047,97.05788295490886,78.8295490885833,95.07515190278222
"Miller, Shelby",571946,2025,704,121.39730074976805,0.1709429780280637,0.607041825383749,0.5705571435943613,0.2708551498442783,0.8702591373444443,0.2542160702682155,0.24281673015349958,1.7896811346882373,1.709429780280637,0.46456480475308126,0.4474785065476681,1.1093256605140596,-0.2316878371265716,0.06598931885697178,0.06356228786188467,0.1575746676866562,-0.0329102041372971,0.9120433113007493,0.877637823387488,0.12955160671885643,0.12466446354935908,0.2546436846803972,0.2870666150081593,0.033114490988869066,0.22636723432224243,97.69747361688519,93.28429804924848,97.60153501758874,75.59961624560282,76.43108410617205,45.059162136232814
"Vest, Will",676684,2025,1226,121.28613049317346,0.29614663749303466,0.603887923109777,0.6289441841173481,0.34031822112395677,0.9175701471107394,0.25295450935862673,0.2415551692439108,3.101222284736764,2.9614663749303465,0.6121308401739043,1.199859878838197,0.5501191678977193,0.7391123978269434,0.04992910605007376,0.09786785308631296,0.04487105774043387,0.06028649248180615,1.8119907190121012,1.2892315657246627,0.1477969591363867,0.10515755022224003,0.25215476363928674,0.4284816786086268,0.08615333958436346,0.07870636619415769,97.66549408378637,97.9213303485769,97.5055964182923,99.90406140070355,99.48832747041894,91.14166933162777
"Jiménez, Joe",641729,2023,958,121.22829758076115,0.23673228558586837,0.6177773632199071,0.5982937009504401,0.2616027007165649,0.9349847011843152,0.2629272486231719,0.2471109452879628,2.518843041809987,2.3673228558586836,0.016873821210538154,0.45903268860706703,1.8575239333358695,0.18541259865651227,0.0017613592077806006,0.047915729499693846,0.19389602644424525,0.01935413347145222,0.4759065098176052,2.042936531992382,0.04967708870747445,0.21325015991569746,0.22577771847545455,0.2974276829576752,0.020265419888263043,0.10976517774310654,97.63351455068756,96.41829229293253,97.76143268308283,96.41829229293253,69.45954589063,96.61016949152543
"Wingenter, Trey",622259,2024,196,121.16299534309165,0.04833387993263395,0.6165035705693105,0.5976680542474213,0.27021884894950243,0.9251172595453403,0.2621125299954804,0.2466014282277242,0.5137405587911417,0.4833387993263395,0.03508702870931302,0.14387453007839213,0.3047751422855072,0.03000385771792935,0.01790154525985358,0.07340537248897558,0.15549752157423835,0.015308090672412934,0.17896155878770514,0.3347790000034365,0.09130691774882915,0.1708056122466513,0.23111239157434113,0.30932530632466376,0.029056859888482237,0.12070862102083715,97.60153501758874,77.1026543012472,97.72945314998401,96.22641509433963,75.85545251039335,93.987847777422445
"Tonkin, Michael",543859,2023,1296,121.15144004707906,0.3190962917472996,0.6155406862409329,0.5906112940704479,0.23774248624687525,0.9434801018940204,0.2620325778315823,0.24621627449637318,3.3959422086973063,3.190962917472996,0.8359540749779626,-0.6288570099541175,2.631767520768335,0.5570776229051262,0.06450262924212674,-0.04852291743473129,0.2030684815407666,0.04298438448342023,0.20709706502384506,3.1888451436734613,0.015979711807395453,0.2460528660241868,0.26728104624994276,0.20820392624380774,0.0070405156173126305,0.10599928059464644,97.56955548448992,98.33706427886153,97.69747361688519,93.9238887112248,46.338343460185484,98.11320754716981
"Hendriks, Liam",521230,2025,232,121.13968638922042,0.055655250344094354,0.5997333011217064,0.6004596775120781,0.2743660274513889,0.9265533275727673,0.2512926605633985,0.23989332044868256,0.5829989725070845,0.5565525034409435,0.052162706081617216,0.15632729277058388,0.3878396480304218,-0.013330674375538365,0.022483925035179837,0.06738245378042408,0.16717226208207836,-0.005745980334283778,0.2084899988522011,0.37450897365488345,0.08986637881560391,0.1614262817477946,0.22373512458111028,0.3249969303216675,0.02036156796827522,0.12653177688619008,97.5375759513911,78.89350815478095,97.44163735209466,96.9619443556124,78.79756955548449,94.40358170770706
"Hartlieb, Geoff",664129,2025,109,121.13315426235837,0.026140292126797214,0.599547984559569,0.583052283527721,0.2706586909452302,0.8954458761102118,0.25121853393854354,0.2398191938238276,0.2738282019930125,0.26140292126797215,0.10209893079991161,0.05942929478260339,0.13284069228257067,-0.02054071587207318,0.09366874385312993,0.054522288791379256,0.12187219475465198,-0.018844693460617595,0.161528225582515,0.11229997641049749,0.14819103264450917,0.10302750129403439,0.26820614109570956,0.2731112407947509,0.04251629526022157,0.16659195251935485,97.5055964182923,68.40422129836904,97.40965781899584,89.06299968020467,76.30316597377679,75.98337064278861
"Dodd, Dylan",689266,2025,536,120.83115196768462,0.1267061492563148,0.5909801737701249,0.6053677839419289,0.31310801528109855,0.8976275526027593,0.2477914096227659,0.23639206950804997,1.3281619555780253,1.2670614925631478,0.6007000062782026,0.4187202041182445,0.2956781230031993,0.013063622178378864,0.11207089669369452,0.07811944106683666,0.055163828918507324,0.0024372429437274,1.0194202103964471,0.30874174518157815,0.19019033776053118,0.05760107186223473,0.3006193446065389,0.32559668595565827,0.06752181648434395,0.13722307831013758,97.47361688519348,89.79852894147746,97.18580108730413,97.72945314998401,96.80204669011833,78.03006076111288
"Karinchak, James",675916,2023,732,120.82791144835151,0.1774735426849165,0.6061254873118733,0.5440921918482273,0.26646482737753774,0.8217195563189169,0.25826649825995845,0.24245019492474934,1.8905107672628958,1.774735426849165,-0.8434608414208924,0.4813321630197436,1.727716128800239,0.5249233168638057,-0.11522689090449349,0.0657557599753748,0.2360267935519452,0.07171083563713192,-0.3621286784011488,2.2526394456640446,-0.049471130929118694,0.3077376291890771,0.1359285277558615,0.397001126999214,0.0015518466733448848,0.3550090406888212,97.44163735209466,93.66805244643427,97.56955548448992,24.75215861848417,73.07323313079628,3.709625839462744
"Megill, Trevor",656730,2024,697,120.74403172782684,0.16847846510103698,0.6042986553121843,0.6083394178448585,0.2815541789930775,0.9351246566966395,0.2572305638926299,0.2417194621248737,1.7928970303316305,1.68478465101037,-0.6046562034580347,0.5212913018585823,1.719380254864518,0.15688167706656486,-0.08675124870273095,0.07479071762676934,0.24668296339519627,0.022508131573395245,-0.08336490159945242,1.876261931931083,-0.01196053107596161,0.26919109496859156,0.16470794785976586,0.3984004101263891,0.005481411143783769,0.1242692754629372,97.40965781899584,93.15637991685321,97.5375759513911,98.27310521266389,83.75439718580108,96.64214902462423
"McKinstry, Zach",656716,2026,57,120.67385423566424,0.013166400024071687,0.577473685266302,0.5062622233948253,0.09886591674947967,0.913658530040171,0.21756531971277582,0.23098947410652082,0.12401223223628222,0.13166400024071687,-0.07352276491292287,0.00997014828317333,0.14022821799153462,0.04733663087449713,-0.12898730686477694,0.01749148821609356,0.2460144175290081,0.08304672083245111,-0.06355261662974954,0.18756484886603175,-0.11149581864868338,0.3290611383614592,0.046214130376638865,0.1515177031223205,0.040844830309833505,0.1318381096098245,97.37767828589703,61.81643748001279,96.9299648225136,1.0553245922609529,0.2878157978893508,89.60665174288455
"Ferguson, Caleb",657571,2023,1088,120.63856684402714,0.2613877598135893,0.6006152569246077,0.5931410622040515,0.25271382569289336,0.9335682987152096,0.2560624061050522,0.2402461027698431,2.7859589784229684,2.6138775981358933,-0.016532104960788274,0.6661810365258134,1.6590249187192967,0.47728512813864654,-0.0015194949412489223,0.06122987468068138,0.1524839079705236,0.04386811839509619,0.6496489315650251,2.1363100468579432,0.05971037973943246,0.1963520263656198,0.2121592276057665,0.29326842378002027,0.02437196012210834,0.10849144244747247,97.3456987527982,97.18580108730413,97.47361688519348,94.81931563799168,61.048928685641194,96.3543332267349
"Mahle, Tyler",641816,2023,409,120.58611848811546,0.09801094829401577,0.5990889260025415,0.586627658688019,0.25377777568424487,0.9194775416917931,0.2554518737362257,0.23963557040101657,1.044798163581163,0.9801094829401577,0.1573338129237527,0.16532471518621605,0.6219684994189265,0.10017113605226768,0.03846792492023294,0.04042169075457605,0.15207053775523877,0.024491720306177918,0.32265852810996876,0.7221396354711942,0.07888961567480898,0.17656225806141668,0.23072746493107013,0.2768280864374196,0.03147947605586047,0.12956544056055339,97.3137192196994,86.69651423089223,97.37767828589703,91.74928046050528,62.264150943396224,91.8132395267029
"Hamilton, Ian",641656,2023,970,120.54508601881886,0.23198318845793559,0.597894815613236,0.604322950211758,0.3004070268893809,0.9082388735341351,0.25497422958050353,0.23915792624529442,2.4732500269308844,2.3198318845793557,0.8241993512344834,0.8501489694069733,0.44396714304360785,0.35493456324581985,0.08496900528190551,0.08764422365020343,0.04576980856119669,0.036591192087197924,1.6743483206414567,0.7989017062894277,0.17261322893210895,0.0823610006483946,0.2704544971866936,0.3303595565920683,0.08333134847718021,0.10019090445454963,97.28173968660057,96.22641509433963,97.3456987527982,97.60153501758874,93.09242085065557,86.37671889990406
"Franco, Jose",683742,2026,347,120.49951890574286,0.07947744257125766,0.5726040531070435,0.5864935829620341,0.2585918304540005,0.9143953354700678,0.21561746684907243,0.2290416212428174,0.7481926099662815,0.7947744257125766,0.18907043346916907,0.16336949018113955,0.39072497878441936,0.00502770753155346,0.05448715661935708,0.0470805447207895,0.11260085843931393,0.0014489070696119483,0.35243992365030863,0.3957526863159728,0.10156770134014657,0.1140497655089259,0.2496443947851662,0.26753926612283485,0.04062576423791852,0.13058356482194577,97.24976015350177,83.7863767188999,96.80204669011833,91.52542372881356,66.67732651103294,90.02238567316917
"Hjelle, Sean",663546,2024,1204,120.47712743846674,0.28728567500566027,0.5965234115566035,0.6171359315428144,0.30631893844821767,0.9279529246374113,0.2541204663903976,0.2386093646226414,3.059610415340387,2.8728567500566027,1.4932278847727503,-0.079708391180702165,0.6587887006862729,0.9873022210620661,0.12402224956584304,-0.006620298270822439,0.05471666949221536,0.08200184560316164,1.413519493592048,1.646090921748339,0.11740195129502061,0.136718515095377,0.3581221697763795,0.25451570712005583,0.07806910866000834,0.06602504206516907,97.21778062040293,97.79341221618164,97.3137192196994,99.32842980492484,95.07515190278222,94.88327470418932
"Weaver, Luke",596133,2026,924,120.42191368950334,0.21083327152469242,0.5704363407053367,0.5985049065524011,0.3348942945208024,0.8621155185839997,0.21475038188838969,0.2281745362821347,1.9842935286487204,2.1083327152469242,0.8070422741984657,0.5812287305343489,0.8842354488019168,-0.288212924886011,0.08734223746736643,0.06290354226562218,0.09569647714306459,-0.03119187498766353,1.3882710047328146,0.5960225239159058,0.15024577973298858,0.06450460215540106,0.302668869133145,0.36711971990845976,0.06285325221771819,0.21291571061428238,97.18580108730413,95.45890629996802,96.73808762392069,96.48225135913016,99.26447073872721,33.674448353054046
"Nardi, Andrew",677053,2023,976,120.40633241039453,0.23184171970767548,0.5938568640053162,0.5923014622995678,0.21448028674427713,0.9701226378548585,0.25335904893733563,0.23754274560212651,2.4727843176283955,2.3184171970767546,0.3152842655808854,-0.7840668180157309,1.765251400459647,1.176315469603594,0.032303715735746454,-0.08033471496062816,0.18086592217824252,0.1205241259839748,-0.46878255243484546,2.941566870063241,-0.04803099922488171,0.3013900481622173,0.24310330891563828,0.185857264572916,0.016010728125246135,0.04374399616503685,97.15382155420531,96.19443556124081,97.28173968660057,94.53149984010234,25.231851614966423,99.8081228014071
"Graterol, Brusdar",660813,2024,161,120.38549473895743,0.03824420021066941,0.5938540405383449,0.608220500212131,0.3215440826755587,0.8948969177487034,0.25305271798309414,0.23754161621533795,0.4074148759527816,0.3824420021066941,0.27608064789819764,0.029028250241935893,-0.008272249233414186,0.11057822704606224,0.17147866329080597,0.018029969094370123,-0.005138043002120612,0.06868212860003865,0.30510889814013353,0.10230597781264805,0.1895086323851761,0.06354408559791805,0.36018563109300833,0.28290253425810896,0.12212454534711362,0.0880816191554797,97.1218420211065,73.39302846178445,97.24976015350177,98.20914614646627,98.081228014071,75.66357531180044
"McMillon, John",669111,2024,180,120.36594894541585,0.04271649465644017,0.5932846480061135,0.6035684406373614,0.2677378768697284,0.9393990044049945,0.2528249609702016,0.23731385920244538,0.45508492974636283,0.4271649465644017,0.016857172182199065,0.10409223435635795,0.2952318043589912,0.038903718848814606,0.009365095656777258,0.057829019086865524,0.16401766908832846,0.021613177138230338,0.12094940653855701,0.3341355232078058,0.06719411474364279,0.1856308462265588,0.215983055862359,0.31949269787709783,0.020328210895614755,0.10087378029439631,97.08986248800767,75.59961624560282,97.21778062040293,97.40965781899584,73.77678285897026,97.5375759513911
"Weems, Jordan",607179,2025,98,120.34862808572879,0.02262980571622379,0.577290962148566,0.606924639130791,0.2978502234293402,0.9159990548322416,0.24231572497414236,0.23091638485942642,0.23746941047465953,0.22629805716223791,0.012931153614772484,0.11020998029198381,0.10682429803637206,0.007503978531531175,0.013195054708951513,0.1124591635632488,0.10900438575140005,0.007657120950542016,0.1231411339067563,0.11432827656790323,0.1256542182722003,0.11666150670194209,0.2479321980385158,0.34776824882016455,0.04442296213580366,0.12357892819971308,97.05788295490886,66.6133674448353,96.89798528941478,97.98528941477454,92.03709625839463,90.66197633514551
"Kittredge, Andrew",552640,2025,849,120.2860110174471,0.19544472920629646,0.5755145147417446,0.5978274709842853,0.28203037879996806,0.9136245631686026,0.2416051460114138,0.23020580589669787,2.051227689636903,1.9544472920629647,0.9755773174669002,0.10518963851222907,-0.054833988026985025,1.0252947216847588,0.11490898910093053,0.01238982785774194,-0.0064586558335671404,0.12076498488630845,1.0807669559791293,0.9704607336577737,0.12729881695867248,0.11430632905274131,0.30612923659896774,0.25793152100096833,0.12197333388970305,0.05077753977309176,97.02590342181004,94.78733610489287,96.86600575631596,96.32235369363607,83.97825391749281,89.54269267668693
"Jackson, Jay",543351,2024,461,120.24017334236723,0.10872604842088088,0.5896206530416533,0.6185748556506264,0.3332792141128469,0.903870497188406,0.2513593629844175,0.23584826121666133,1.1587666633581648,1.0872604842088087,0.568194718634004,0.34465829170324014,-0.04116805053467942,0.28708170355560014,0.12325265046290758,0.07476318692044255,-0.008930162805787295,0.06227368840685469,0.9128530103372441,0.24591365302092072,0.1980158373833501,0.0533435256010674,0.3241884948483851,0.3423699333773087,0.10626713758662383,0.08599186803656425,96.99392388871122,88.29549088583308,97.15382155420531,99.4243684042213,99.20051167252957,83.49856092101055
"Bickford, Phil",641360,2023,1218,120.22314400775787,0.2867297643614369,0.5885257889192055,0.5949738868849332,0.27168493732404814,0.9182628364458183,0.2512266189028913,0.23541031556768216,3.059940218237216,2.8672976436143687,0.6784028220813525,-0.0058504235271357174,2.3787182390929047,0.008669580590094483,0.05569809705101417,-4.8033033884529715e-4,0.1952970639649347,7.117882257877244e-4,0.6725523985542168,2.387387819682999,0.05521776671216887,0.19600885219072245,0.25982655066203886,0.2835433239860574,0.014915417884776972,0.14855890922358636,96.9619443556124,97.76143268308283,97.1218420211065,95.52286536616566,76.91077710265431,91.4294851295171
"Richards, Trevor",670950,2023,1350,120.18700640375941,0.31723602854092764,0.5874741269276439,0.5782469098345444,0.27730877415165966,0.8791850455174292,0.25080595410626666,0.23498965077105755,3.3858803804345996,3.1723602854092765,0.22435881681266778,0.23689311347925468,2.9644298381754197,-0.03980138803274258,0.01661917161575317,0.017547638035500347,0.21958739542040145,-0.0029482509653883395,0.46125193029192246,2.924628450142677,0.034166809651253516,0.21663914445501312,0.22406001992821717,0.33055752837510216,0.011517491037154787,0.23011241792798692,96.9299648225136,98.27310521266389,97.08986248800767,84.9376399104573,81.19603453789574,57.46722097857371
"Alvarado, José",621237,2024,1060,120.16589367410923,0.24908168182042964,0.5874567967462963,0.6039754298552856,0.3046352658042422,0.903315593906329,0.2504938204662747,0.23498271869851853,2.655234496942512,2.4908168182042965,0.9782894518680223,0.663263768881734,0.4961577065801066,0.5175235696126492,0.09229145772339833,0.06257205366808812,0.04680733080944402,0.04882297826534426,1.6415532207497563,1.0136812761927558,0.15486351139148644,0.09563030907478828,0.26976648239461365,0.3395040492138708,0.09107681638511453,0.10229199580222756,96.89798528941478,96.77006715701951,97.05788295490886,97.5055964182923,94.75535657179405,83.11480652382474
"Otañez, Michel",671305,2025,121,120.10691112579948,0.027608978856171657,0.5704334474415631,0.6040677141333615,0.28396184000114433,0.9241735882655786,0.2395727190913412,0.22817337897662526,0.2898829901005229,0.27608978856171656,0.100525436893804,0.06511735411186237,0.0753176466896548,0.048922552405201714,0.08307887346595372,0.053815995133770556,0.06224598899971471,0.04043186149190224,0.16564279100566637,0.12424019909485651,0.13689486859972427,0.10267785049161696,0.27050097343823487,0.29742270656405384,0.05658267690028587,0.09507014656855699,96.86600575631596,69.13975055964184,96.70610809082187,97.5375759513911,85.22545570834666,93.60409338023665
"Hudson, Daniel",543339,2024,1118,119.99917511387909,0.2605387575979875,0.5826000840742119,0.6027345831107802,0.3179615936626021,0.8875075725589583,0.24855113539744095,0.23304003362968476,2.7788016937433895,2.6053875759798752,0.9001409592399341,1.1180037827913338,0.9630034761897832,-0.20234652447766166,0.08051350261537872,0.10000033835342878,0.08613626799550834,-0.018098973566874926,2.018144742031268,0.7606569517121216,0.18051384096880752,0.0680372944286334,0.28550052765421796,0.3504226596709863,0.060909175896036234,0.16407567898604722,96.83402622321714,97.05788295490886,97.02590342181004,97.24976015350177,97.66549408378637,68.08442596738088
